G�L暴,magnet:?xt=urn:btih:61f0db431945e3c87820d6f8b1abdec280d405e7&dn=[电影天堂www.dytt89.com]反贪风暴5：最终章-2021_蓝光国粤双语中字.mp4&tr=http://t.t789.me:2710/announce&tr=http://t.t789.co:2710/announce&tr=http://t.t789.vip:2710/announce
Everything Everywhere All at Once,magnet:?xt=urn:btih:6a3bff2c10457e609b68b6f09a7352aa93702982&dn=[电影天堂www.dytt89.com]瞬息全宇宙-2022_蓝光中英双字.mp4&tr=http://t.t789.me:2710/announce&tr=http://t.t789.co:2710/announce&tr=http://t.t789.vip:2710/announce
Downton Abbey: A New Era,magnet:?xt=urn:btih:a9889764eff1074bb910e7bab54c1bb94970b570&dn=[电影天堂www.dytt89.com]唐顿庄园2-2022_BD中英双字V3.mp4&tr=http://t.t789.me:2710/announce&tr=http://t.t789.co:2710/announce&tr=http://t.t789.vip:2710/announce
Moonfall,magnet:?xt=urn:btih:518dc502d8614c04144019f039c63b608aced839&dn=[电影天堂www.dytt89.com]月球陨落-2022_蓝光中英双字.mp4&tr=http://t.t789.me:2710/announce&tr=http://t.t789.co:2710/announce&tr=http://t.t789.vip:2710/announce
Fantastic Beasts: The Secrets of Dumbledore,magnet:?xt=urn:btih:a1256c3e78e816997388be0e60835b8b8a0de679&dn=[电影天堂www.dytt89.com]神奇动物：邓布利多之谜-2022_BD中英双字.mp4&tr=http://t.t789.me:2710/announce&tr=http://t.t789.co:2710/announce&tr=http://t.t789.vip:2710/announce
峰爆,magnet:?xt=urn:btih:69053cdbee29af479dfc6919306fecc37ff9f377&dn=[电影天堂www.dytt89.com]峰爆-2021_蓝光国语中字.mp4&tr=http://t.t789.me:2710/announce&tr=http://t.t789.co:2710/announce&tr=http://t.t789.vip:2710/announce
&#53433;&#45924;：&#50500;&#49888;&#51204;,magnet:?xt=urn:btih:34b93ccbdd8e86efc0e10887d0bb7be1e722a9b1&dn=[电影天堂www.dytt89.com]王国：北方的阿信-2021_蓝光韩语中字.mp4&tr=http://t.t789.me:2710/announce&tr=http://t.t789.co:2710/announce&tr=http://t.t789.vip:2710/announce
The Batman,magnet:?xt=urn:btih:cc3d0273424690b8eb20bc1516c35b472697b010&dn=[电影天堂www.dytt89.com]新蝙蝠侠-2022_蓝光国英双语中字V3.mp4&tr=http://t.t789.me:2710/announce&tr=http://t.t789.co:2710/announce&tr=http://t.t789.vip:2710/announce
Morbius,magnet:?xt=urn:btih:46b81d975dee04cc81e65a9755a4b07225286eec&dn=[电影天堂www.dytt89.com]暗夜博士：莫比亚斯-2022_BD中英双字V2.mp4&tr=http://t.t789.me:2710/announce&tr=http://t.t789.co:2710/announce&tr=http://t.t789.vip:2710/announce
四海,magnet:?xt=urn:btih:d4d5a1a0b378147a520429f6af88f5280b4be20a&dn=[电影天堂www.dytt89.com]四海-2022_HD国语中字.mp4&tr=http://t.t789.me:2710/announce&tr=http://t.t789.co:2710/announce&tr=http://t.t789.vip:2710/announce
长津湖之水门桥,magnet:?xt=urn:btih:029cd88f780e4482750abcdb448993cb0431adb5&dn=[电影天堂www.dytt89.com]长津湖之水门桥-2022_HD国语中字.mp4&tr=http://t.t789.me:2710/announce&tr=http://t.t789.co:2710/announce&tr=http://t.t789.vip:2710/announce
Uncharted,magnet:?xt=urn:btih:6fe981cf144093b246fa3ecdb3e672834187aeb1&dn=[电影天堂www.dytt89.com]神秘海域-2022_BD英语中字.mp4&tr=http://t.t789.me:2710/announce&tr=http://t.t789.co:2710/announce&tr=http://t.t789.vip:2710/announce
奇迹&middot;笨小孩,magnet:?xt=urn:btih:5113ba28bb2e6264e9766fdd1d04a5acab4168f2&dn=[电影天堂www.dytt89.com]奇迹・笨小孩-2022_HD国语中字.mp4&tr=http://t.t789.me:2710/announce&tr=http://t.t789.co:2710/announce&tr=http://t.t789.vip:2710/announce
这个杀手不太冷静,magnet:?xt=urn:btih:1463cee8534c6ba7b144e05fa96e5ab71b6f5b2a&dn=[电影天堂www.dytt89.com]这个杀手不太冷静-2022_HD国语中字.mp4&tr=http://t.t789.me:2710/announce&tr=http://t.t789.co:2710/announce&tr=http://t.t789.vip:2710/announce
狙击手,magnet:?xt=urn:btih:a01f9994f1ac1fb291f81c087303f401ff3e3549&dn=[电影天堂www.dytt89.com]狙击手-2022_HD国语中字.mp4&tr=http://t.t789.me:2710/announce&tr=http://t.t789.co:2710/announce&tr=http://t.t789.vip:2710/announce
