百荣科技-国家高新企业,狂欢价:¥1030,IOS安卓java直播成品社交商城医疗教育APP定制开发外包
E网天下网络公司,￥8800,android开发ios开发安卓开发android应用开发
E网天下网络公司,￥9800,app开发app定制开发app设计app制作安卓app开发
E网天下网络公司,￥9800,APP定制开发个人微信小程序个人安卓APP个人APP开发个人
荣鹊网络科技,￥1888,APP定制开发成品app电商外卖健身交友社区团购IOS安卓
皮皮虾科技★十年经验,狂欢价:¥3199,java安卓原声ios社交相亲交友游戏APP外包二次定制开发
禾高网络科技旗舰,狂欢价:¥1599,APP开发外包苹果安卓软件外卖电商城物流教育成品Java定制
威之德信息,狂欢价:¥540,原生APP开发定制直播电商城社交安卓应用代驾医疗软件教育家政
荣鹊网络科技,￥3888,苹果安卓定制二开发app在线教育学习视频购买章节视频购买课程
千界科技-国家高企双软企业,狂欢价:¥2805,电商城成品安卓苹果IOS应用APP定制java界面开发设计
由你创-年度十佳服务之星,狂欢价:¥8000,安卓IOS平板移动端应用APP软件界面UI设计定制开发公司
来客网络科技,￥2280,安卓系统开发/Linux系统开发/医疗软件开发/定制开发安卓
数字引擎-为创业者而生,￥1980,分销商城app购物返佣淘宝客app原生定制安卓ios开发
酷滴科技,￥6666,物联网工业自动化控制安卓平板智能设备串口通信定制开发
威之德信息,￥4000,安卓APP前端页面开发源码交付
捷径科技-国家高新技术企业,￥3500,电商城成品安卓苹果IOS应用APP定制java界面开发设计师
百荣科技-国家高新企业,￥1988,盲盒商城配送直播答题物联网物联网手机交友安卓同城app开发
大连火石致远,￥998,直播交友软件直播教育软件电商直播短视频安卓直播软件开发
潮瑞科技西南行业之星|9年诚信老店,￥5000,安卓串口开发物联网开发软件开发开发APP智能硬件开发
容易软件—国家高新技术企业,￥2196,软件开发安卓IOS系统java应用PHP管理工具可视化数据
百荣科技-国家高新企业,￥1899,盲盒商城直播答题物联网物联网手机交友加油安卓同城app定制开
讯资软件-50人技术团队8年经验南部大区行业之星,￥1.5万,移动软件开发|安卓iOS苹果APP开发源生定制
悦商东方-国家高新企业,￥2万,支付-直播app-H5开发-外卖-后台-ios-微博-安卓
新网科技-全国十佳开发商,￥1980,临沂APP开发企业定制安卓ios社交语聊短视频成品直播商城
小跑科技-100人技术团队,狂欢价:¥1114,微信小程序定制软件系统开发公众号H5外包APP公司苹果安卓端
盈科云商网络科技,￥2999,APP软件定制开发安卓系统IOS系统跑腿APP开发生鲜配送
艺点意创品牌策划有限公司,￥1万,JaVa开发数据处理IOS开发管理系统软件后端开发教育安卓应
千界科技-国家高企双软企业,狂欢价:¥2805,电商城成品安卓苹果IOS应用APP定制java界面开发设计
创威科技一把一切想法的写进现实,￥500,手机端网站开发设计制作移动端ios安卓官网升级源码程序软件
六牛科技-专精特新企业,狂欢价:¥4800,餐饮外卖点餐商城类成品APP定制外包安卓IOS移动应用开发
圣融科技有限公司,狂欢价:¥600,原生app开发定制商城教育医疗生鲜外卖招聘社交问诊安卓苹果
动视湾流创新集团,￥698,产品动画施工图客服外包产品拍摄线下地推安卓开发定制作设计师
创威科技一把一切想法的写进现实,￥500,响应式网站自适应开发前端pc电脑端移动端手机端制作ios安卓
科威鲸网络-国家高企 12年实体品牌 ,￥3.58万,智能家居APP开发安卓app开发电商APP开发生鲜APP
中科大重点孵化企业-海拔网络,￥1588,物联网javaphp成品app界面安卓ios应用定制软件开发
网帆科技【12年互联网品牌】,￥3800,uniapp开发电商招聘同城直播交友安卓ios移动端混合开发
霆达科技官方自营店,￥1200,APP开发商城拼团盲盒教育物流安卓iosAPP定制开发
汇博天下软件开发,￥300,手机app游戏开发约局宠物农场养成塔防卡牌娱乐教育源代码安卓
卓诚科技互联网全案服务,￥1999,原生APP开发苹果IOS安卓Android混生混合app定制
由你创-年度十佳服务之星,狂欢价:¥8000,安卓IOS平板移动端应用APP软件界面UI设计定制开发公司
广州秒知科技--8年专注开发-高质量-好服务-低总价,￥3.95万,APP开发拼团APP购物直播APP安卓IOS原生APP开发
完梦科技-有梦想找完梦,￥3000,原生app开发定制商城教育医疗生鲜外卖招聘社交问诊安卓
卓越互动科技,￥100,游戏网站开发安卓游戏3D游戏农场游戏赛车游戏益智游戏
名锐讯动-500强合作商,￥5000,﻿后台管理系统丨企业管理软件定制开发丨行业软件丨编程丨安卓
鼎维云掌门软件,￥1.5万,系统-vba-安卓-亚马逊-教育培训-速卖通-模型-家装旅游
网站建设16年品牌-万博通达,狂欢价:¥17593,APP开发|安卓苹果IOS移动应用开发|成品APP定制开发
掌沃科技有限公司,￥100,原生安卓社交电商APP定制开发成品ios模板界面设计制作外包
新光互动-精选服务商,￥1000,PHP、java后端开发IOS、安卓、原生、H5APP开发
慧族网络科技-高科技企业,￥1000,新智慧农业原生APP定制开发水产养殖合作社农场种植安卓IOS
齐力信息科技十年老店-app开发微信开发网站建设软件开发,￥1300,APP定制开发小程序安卓开发跑腿点餐外卖系统原生混合
