https://aa4bh.com/htm/2022/8/5/zipaitoupai/551424.html,超级巨乳性爱尤物『黎菲儿』做夢般的巨乳兔女郎 H罩杯的夢幻身材 正面冲击


https://aa4bh.com/htm/2022/8/5/zipaitoupai/551422.html,办公桌上操逼【十柒学姐】情趣勒逼裤 跪在桌子上摇摆蜜桃臀 扶着细腰站立后入 骑乘位猛坐太骚了

https://aa4bh.com/htm/2022/8/5/zipaitoupai/551419.html,最新流出超人气王动御用嫩模『阿朱』天台屋顶露出摄影 性感酥乳窈窕身材

https://aa4bh.com/htm/2022/8/5/zipaitoupai/551418.html,被控制的肉体迷奸性感JK少女『苏美奈』肉棒情不自禁探入诱人裂缝 狂肏粉嫩小穴 爽到翻白眼轮为肉便器

https://aa4bh.com/htm/2022/8/4/zipaitoupai/551409.html,萝莉控大神『Nasi』动漫身材F奶嫩妹性爱爆操爽翻天 童颜巨乳 绝世美鲍

https://aa4bh.com/htm/2022/8/4/zipaitoupai/551408.html,天花板级别第一网红人造女神【二筒姐】露脸私拍紫薇放尿各种淫语挑逗这么多年私处还是那么粉嫩性感

https://aa4bh.com/htm/2022/8/4/zipaitoupai/551407.html,完美身材美乳娇妻『亨利夫妇』最美性爱甄选 极品爆乳模特被强壮运动员爆操

https://aa4bh.com/htm/2022/8/4/zipaitoupai/551405.html,重磅调教激发高颜值极品超嫩萝莉M属性 女主水嫩 身材一流 呻吟真实勾人心魂 黑丝虐操篇

https://aa4bh.com/htm/2022/8/4/zipaitoupai/551404.html,ED 隔壁家的美女水管坏了来借洗手间 被屋主及3个猥琐男偷窥 胁迫玩5P

https://aa4bh.com/htm/2022/8/3/zipaitoupai/551141.html,万人求购各大外网平台极品网红反差女神Dasha绝世容颜收费解锁私拍与炮友各种激情肉搏

https://aa4bh.com/htm/2022/8/3/zipaitoupai/551140.html,魔都色影大神『网红收集社』超多绝版网红大尺度私拍 抖叔御用模特唯美私拍

https://aa4bh.com/htm/2022/8/3/zipaitoupai/551139.html,推特调教大神『sseu』最新虐阴虐肛淫水喷涌性爱甄选 骚逼玩到狂嗨高潮

https://aa4bh.com/htm/2022/8/3/zipaitoupai/551136.html,顶级PANS绝美女神『甜心 樂樂 沙拉』露B花絮私拍绝顶女神 全部露B 美爆特写 超级诱人

https://aa4bh.com/htm/2022/8/3/zipaitoupai/551135.html,最美推特博主『EL1987』唯美性爱私拍 超爆完美身材 喜欢群交乱操 前裹后操

https://aa4bh.com/htm/2022/8/3/zipaitoupai/551132.html,完美身材美乳娇妻『亨利夫妇』极品性爱❤️水手服安娜和巧克力腹肌男的完美性爱

https://aa4bh.com/htm/2022/8/3/zipaitoupai/551131.html,网红健身女神『左公子』微密圈七月最新私拍 黑丝诱惑 各种骚 梦中女神淫荡的一面

https://aa4bh.com/htm/2022/8/1/zipaitoupai/551128.html,魔都12万粉丝萝莉网红『提莫』超大尺度私拍流出 极品丰臀双飞排排翘 挨个操

https://aa4bh.com/htm/2022/8/1/zipaitoupai/551127.html,青春无敌Onlyfans超人气COSER可甜可盐百变小仙女【YAMIS】福利私拍诱惑

https://aa4bh.com/htm/2022/8/1/zipaitoupai/551126.html,外站博主EDC真实约炮黑丝御姐纯享版 饥渴御姐抓J8逼里塞 黑牛大屌一起插

https://aa4bh.com/htm/2022/8/1/zipaitoupai/551123.html,极品警花张津瑜和吕总啪啪泄露 原来还有第三人 是在玩3P

https://aa4bh.com/htm/2022/8/1/zipaitoupai/551122.html,顶级色影『ED Mosaic』娃娃脸美女主动求多人群操被操懵逼

https://aa4bh.com/htm/2022/7/30/zipaitoupai/550860.html,调教爆炸椰奶波霸美少女『小巨』吃鸡双排开麦挨操 你的队友正在被深深后入 激怼紧实饱满白虎

https://aa4bh.com/htm/2022/7/30/zipaitoupai/550859.html,E奶蝶感谢祭 抽5位幸运儿 体验6P大混战

https://aa4bh.com/htm/2022/7/30/zipaitoupai/550858.html,豪乳九头身完美身材OnlyFans网红反差女神Brat人前高冷私下是金主性玩物露脸3P双管齐下

https://aa4bh.com/htm/2022/7/30/zipaitoupai/550855.html,推特极品露出网红『桔梓』人前极限露出《高质量》露出也颇有想法 喜欢人前露出 老是便宜老大爷

https://aa4bh.com/htm/2022/7/30/zipaitoupai/550854.html,91极品蜜桃臀女友『粉色情人』圆润丰满淫臀全自动撞击粗长阳具 水润鲍鱼嫩肉翻进翻出非常有感觉

https://aa4bh.com/htm/2022/7/29/zipaitoupai/550840.html,极品网红俏脸劲爆酥乳网红欲姐『驯鹿』镜前性爱大肉棒后入激怼 霸气爆射浇淋圆硕蜜乳

https://aa4bh.com/htm/2022/7/29/zipaitoupai/550839.html,顶流极品网红『艾栗栗』最新性爱甄选 金主大屌无套爆菊 极品骚货

https://aa4bh.com/htm/2022/7/29/zipaitoupai/550836.html,火爆推特顶级颜值巨乳美女『Brat』七月土豪专享私拍 秀儿护士与病人间的秘密

https://aa4bh.com/htm/2022/7/29/zipaitoupai/550835.html,超级丝袜媚姐180大长腿女神『苹果』嫩穴淫水超多肏起来汁汁作响 大肉棒操的好爽 激射性感黑丝

https://aa4bh.com/htm/2022/7/29/zipaitoupai/550832.html,极品白虎名器01年在校大学生『米娜学姐』剧情更衣被强上 跳蛋激振嫩穴不断张合潮吹 会呼吸的小穴

https://aa4bh.com/htm/2022/7/29/zipaitoupai/550831.html,推特网红女神『星优儿』和闺蜜找猛男性爱轰趴 多人淫乱 全裸混战操成一片

https://aa4bh.com/htm/2022/7/28/zipaitoupai/550556.html,玩偶姐姐 晨钟暮鼓 贰

https://aa4bh.com/htm/2022/7/28/zipaitoupai/550555.html,极品网红俏脸劲爆酥乳网红欲姐『驯鹿』尽情享受肉棒冲击蜜穴爆浆 梅开三度极限榨汁颜射吞精

https://aa4bh.com/htm/2022/7/28/zipaitoupai/550554.html,长开了晋升爆乳身材尤物女神『安安老师』指挥官的性能力提升 阳具刺入嫩穴快感涌动美妙无比

https://aa4bh.com/htm/2022/7/28/zipaitoupai/550550.html,外站大神Xriv找单男一起开发淫妻 丰臀爆操 强制开发爆菊 双龙进洞 淫妻属性一览无余

https://aa4bh.com/htm/2022/7/26/zipaitoupai/550539.html,最美奴印御用爱奴『肆雨 蝶小蝶 芋圆崽』超唯美私拍流出 黑丝啪啪 户外露出

https://aa4bh.com/htm/2022/7/26/zipaitoupai/550538.html,人类最强Body极品高颜爆乳女神〖冲田杏梨〗最新私拍 爆乳摇颤 极致诱惑

https://aa4bh.com/htm/2022/7/26/zipaitoupai/550537.html,气质女王范长腿反差女神 淫荡美娇娘【美杜莎Serena】推特私拍约炮实力单男与闺蜜互玩露出看完必射

https://aa4bh.com/htm/2022/7/26/zipaitoupai/550534.html,『ED Mosaic』萌少女露比的AV初体验 想献给幸运儿 可以各种玩法干她

